user_id,Q1,Q3,IQR,Upper_Bound
user_1,139.52249999999998,313.0675,173.54500000000002,573.385
user_10,580.61,1031.07,450.4599999999999,1706.7599999999998
user_100,700.2025,1441.0425,740.84,2552.3025
user_11,241.28,432.99,191.71,720.5550000000001
user_12,221.99,511.41999999999996,289.42999999999995,945.5649999999998
user_13,580.69,1211.26,630.5699999999999,2157.115
user_14,415.295,1073.6499999999999,658.3549999999998,2061.1824999999994
user_15,248.25,521.25,273.0,930.75
user_16,706.57,1613.66,907.09,2974.295
user_17,129.66,290.81,161.15,532.5350000000001
user_18,139.95499999999998,299.86,159.90500000000003,539.7175000000001
user_19,450.4,972.29,521.89,1755.125
user_2,246.94,533.615,286.675,963.6275
user_20,473.055,1149.175,676.1199999999999,2163.3549999999996
user_21,162.39249999999998,282.4525,120.06,462.5425
user_22,85.6,236.84,151.24,463.70000000000005
user_23,500.56,1472.7350000000001,972.1750000000002,2930.9975000000004
user_24,615.0350000000001,1373.005,757.97,2509.96
user_25,513.02,1002.57,489.55000000000007,1736.895
user_26,131.395,229.935,98.53999999999999,377.745
user_27,248.0025,450.5475,202.54500000000002,754.365
user_28,742.7750000000001,1498.77,755.9949999999999,2632.7625
user_29,583.88,1320.16,736.2800000000001,2424.58
user_3,157.2625,311.8775,154.615,543.8
user_30,246.67000000000002,495.7575,249.08749999999998,869.38875
user_31,663.365,1398.975,735.6099999999999,2502.39
user_32,325.32,538.2375,212.91749999999996,857.6137499999999
user_33,438.73,954.47,515.74,1728.08
user_34,554.3399999999999,1404.775,850.4350000000002,2680.4275000000002
user_35,113.825,225.98,112.15499999999999,394.2125
user_36,148.52499999999998,338.80499999999995,190.27999999999997,624.2249999999999
user_37,229.20999999999998,468.525,239.315,827.4975
user_38,347.065,682.0,334.935,1184.4025000000001
user_39,527.7825,1098.385,570.6025,1954.28875
user_4,545.73,1197.32,651.5899999999999,2174.705
user_40,560.36,1082.85,522.4899999999999,1866.5849999999998
user_41,219.4425,483.8675,264.425,880.5050000000001
user_42,649.54,1343.52,693.98,2384.49
user_43,250.20999999999998,448.93,198.72000000000003,747.01
user_44,612.96,1300.72,687.76,2332.3599999999997
user_45,572.58,1304.66,732.08,2402.78
user_46,204.89,446.52,241.63,808.9649999999999
user_47,282.15999999999997,726.645,444.485,1393.3725
user_48,379.725,753.365,373.64,1313.825
user_49,181.25,342.16,160.91000000000003,583.5250000000001
user_5,132.825,266.0325,133.20750000000004,465.8437500000001
user_50,418.81,912.0,493.19,1651.7849999999999
user_51,546.5999999999999,1081.415,534.815,1883.6375
user_52,678.8075,1240.805,561.9975000000001,2083.8012500000004
user_53,318.97,715.345,396.375,1309.9075
user_54,414.16999999999996,887.1850000000001,473.0150000000001,1596.7075000000002
user_55,551.985,1082.4775,530.4925,1878.21625
user_56,165.25,384.7725,219.52249999999998,714.0562499999999
user_57,532.845,1133.045,600.2,2033.3450000000003
user_58,433.5075,886.9075,453.40000000000003,1567.0075000000002
user_59,405.72,745.03,339.30999999999995,1253.995
user_6,91.69,197.45,105.75999999999999,356.09
user_60,425.52750000000003,852.845,427.3175,1493.82125
user_61,673.1075,1306.5875,633.4800000000001,2256.8075000000003
user_62,585.2974999999999,1133.3975,548.1000000000001,1955.5475000000001
user_63,548.315,1022.425,474.1099999999999,1733.5899999999997
user_64,591.315,1148.8600000000001,557.5450000000001,1985.1775000000002
user_65,278.8125,591.4575,312.645,1060.425
user_66,393.745,714.835,321.09000000000003,1196.47
user_67,65.62,145.13,79.50999999999999,264.395
user_68,683.53,1292.0125,608.4825000000001,2204.73625
user_69,687.2950000000001,1288.0049999999999,600.7099999999998,2189.0699999999997
user_7,243.63,419.66999999999996,176.03999999999996,683.7299999999999
user_70,333.0425,849.4225,516.38,1623.9924999999998
user_71,689.08,1347.31,658.2299999999999,2334.6549999999997
user_72,521.905,1359.825,837.9200000000001,2616.705
user_73,363.57,926.14,562.5699999999999,1769.995
user_74,257.425,591.845,334.42,1093.475
user_75,354.355,837.7049999999999,483.3499999999999,1562.7299999999998
user_76,623.4000000000001,1365.355,741.9549999999999,2478.2875
user_77,210.2175,535.765,325.5475,1024.08625
user_78,140.7675,294.8925,154.12499999999997,526.0799999999999
user_79,614.14,1334.37,720.2299999999999,2414.7149999999997
user_8,492.87,867.87,375.0,1430.37
user_80,275.515,531.395,255.88,915.2149999999999
user_81,602.9000000000001,1226.475,623.5749999999998,2161.8374999999996
user_82,104.0475,264.035,159.9875,504.01625
user_83,597.8775,1248.78,650.9024999999999,2225.13375
user_84,549.39,1087.09,537.6999999999999,1893.6399999999999
user_85,481.69,1006.11,524.4200000000001,1792.7400000000002
user_86,189.85999999999999,349.4425,159.5825,588.8162500000001
user_87,582.18,1279.21,697.0300000000001,2324.755
user_88,714.54,1369.49,654.95,2351.915
user_89,487.58500000000004,1146.0900000000001,658.5050000000001,2133.8475000000003
user_9,204.26749999999998,403.695,199.4275,702.8362500000001
user_90,211.65,397.16,185.51000000000002,675.4250000000001
user_91,310.71500000000003,697.16,386.44499999999994,1276.8274999999999
user_92,509.41499999999996,947.685,438.27,1605.09
user_93,696.0525,1598.0275,901.9749999999999,2950.99
user_94,143.8275,317.5475,173.72000000000003,578.1275
user_95,94.98,244.22,149.24,468.08000000000004
user_96,470.38,969.87,499.49,1719.105
user_97,471.395,926.385,454.99,1608.87
user_98,122.68,247.73,125.04999999999998,435.30499999999995
user_99,117.565,226.015,108.44999999999999,388.68999999999994
